url,ground_truth,predicted,phishing_prob,category,source
https://twitter.com/,0,0,0.200586,legit,CURATED
https://paypal.com%2eexample.com/login,1,1,0.71,obfuscation,PATTERN
https://svelte.vercel.app/,0,0,0.355082,legit,CURATED_DEPLOYMENT
https://www.cnn.com/,0,0,0.090006,legit,CURATED
https://secure.login.verify.account.update.example.com/signin,1,0,0.45,subdomain,PATTERN
https://toagad.com/,1,0,0.250261,phishing,PHISHING_DATABASE
https://www.notion.so/,0,0,0.060171,legit,CURATED
https://xn--paypal-5we.com/signin,1,1,0.72,punycode,PATTERN
https://intro-trezorbridgedownload.pages.dev/,1,0,0.44,phishing,PHISHING_DATABASE
https://www.whitehouse.gov/,0,0,0.06,legit,CURATED
https://example.org/,0,0,0.310108,legit,CURATED
https://docs.netlify.com/,0,0,0.320552,legit,CURATED_DEPLOYMENT
https://www.netflix.com/,0,0,0.050165,legit,CURATED
https://gist.github.com/,0,0,0.33007,legit,CURATED
https://discord.com/,0,0,0.310096,legit,CURATED
https://www.wellsfargo.com/,0,0,0.130117,legit,CURATED
https://google.com/,0,0,0.302108,legit,CURATED
https://crates.io/,0,0,0.250342,legit,CURATED
http://example.com:8080/verify,1,0,0.48,port,PATTERN
https://x.com/,0,0,0.220096,legit,CURATED
https://octocat.github.io/,0,0,0.33007,legit,CURATED_DEPLOYMENT
https://sera-node.pages.dev/,1,0,0.37,phishing,PHISHING_DATABASE
https://help-center424.crabdance.com/,1,1,0.64,phishing,PHISHING_DATABASE
https://gitlab.com/,0,0,0.360308,legit,CURATED
https://telegram.org/,0,0,0.310026,legit,CURATED
http://210.211.111.87/~vtjlrgkyhosting/9oi9h2molh81f,1,1,0.64,phishing,PHISHING_DATABASE_LINK
https://example.net/,0,0,0.300191,legit,CURATED
https://xn--80ak6aa92e.com/,1,1,0.69,punycode,PATTERN
https://www.paypal.com/,0,0,0.140165,legit,CURATED
https://maisconfort.com/,1,0,0.480165,phishing,PHISHING_DATABASE
https://www.whatsapp.com/,0,0,0.050165,legit,CURATED
https://cloud.google.com/,0,0,0.372,legit,CURATED
https://ql86383-op36638.pages.dev/,1,1,0.69,phishing,PHISHING_DATABASE
https://baysidemanchesters.com/ccs/new-blockchain/index.html,1,1,0.64,phishing,PHISHING_DATABASE_LINK
https://www.spotify.com/,0,0,0.160281,legit,CURATED
http://discoveryhostel.com/painter/no_cap/fbg,1,0,0.29,phishing,PHISHING_DATABASE_LINK
https://a.b.c.d.e.f.g.h.example.com/login,1,0,0.36,subdomain,PATTERN
https://freefireeventy7.duckdns.org/,1,1,0.67,phishing,PHISHING_DATABASE
https://www.wsj.com/,0,0,0.040171,legit,CURATED
https://alertshop.click/,1,0,0.400217,phishing,PHISHING_DATABASE
https://www.slack.com/,0,0,0.050171,legit,CURATED
https://chat-whatsapp.join78.gq/,1,1,0.67,phishing,PHISHING_DATABASE
https://duckduckgo.com/,0,1,0.59,legit,CURATED
https://www.github.com/,0,0,0.13,legit,CURATED
https://www.linkedin.com/,0,0,0.030171,legit,CURATED
https://m.facebook-marketplace.item300192.com/,1,1,0.83,phishing,PHISHING_DATABASE
https://kubernetes.io/,0,0,0.380711,legit,CURATED
https://www.americanexpress.com/,0,0,0.120247,legit,CURATED
https://astro.build/,0,0,0.320388,legit,CURATED_DEPLOYMENT
https://www.ally.com/,0,0,0.140006,legit,CURATED
https://bestaboutohio.com/,1,1,0.590367,phishing,PHISHING_DATABASE
https://www.irs.gov/,0,0,0.09,legit,CURATED
https://pages.github.com/,0,0,0.290096,legit,CURATED_DEPLOYMENT
https://boatsandshores.com/,1,1,0.560367,phishing,PHISHING_DATABASE
https://bitbucket.org/,0,0,0.46,legit,CURATED
https://example.com/%6C%6F%67%69%6E,1,1,0.68,obfuscation,PATTERN
https://162.241.69.15/50b7912a3c9a43700b3f7f762ff2fa54/confirm.php?country.x=-&reasoncode=04188.166.98.249=codes_list=oam-2=2a13d7472b02c731c8ace5df8cb6abc7s=$1$tvtpjy3z$atn/9c6a1wnwyagqtvrkv01,1,1,0.92,phishing,PHISHING_DATABASE_LINK
https://www.nhs.uk/,0,0,0.080171,legit,CURATED
https://example.com/,0,0,0.300191,legit,CURATED
https://learnova-ai-8.vercel.app/,0,1,0.54,legit,CURATED_DEPLOYMENT
https://search.yahoo.com/,0,0,0.330235,legit,CURATED
https://hugo.vercel.app/,0,0,0.230026,legit,CURATED_DEPLOYMENT
https://vercel.app/,0,0,0.230723,legit,CURATED_DEPLOYMENT
https://www.atlassian.com/,0,0,0.060171,legit,CURATED
https://388a6868d1e12fad83458eb233868e60-dot-gle9392420309493993.rj.r.appspot.com/,1,1,0.84,phishing,PHISHING_DATABASE
https://encogr365helvacenter.github.io/,1,1,0.64,phishing,PHISHING_DATABASE
https://www.usbank.com/,0,0,0.160066,legit,CURATED
http://a0673479.xsph.ru/momotruck/dnx/edbcbf24d8fd960/region.php?auth=edbcbf24d8fd960,1,1,0.72,phishing,PHISHING_DATABASE_LINK
https://paypal.me/,0,0,0.430026,legit,CURATED
https://aged-sound-0266.on.fleek.co/,1,1,0.62,phishing,PHISHING_DATABASE
https://ronda-est.com/,1,0,0.310191,phishing,PHISHING_DATABASE
https://meetaamasskkloggiinnn.gitbook.io/,1,1,0.68,phishing,PHISHING_DATABASE
https://collectmlbb-2022.duckdns.org/,1,1,0.75,phishing,PHISHING_DATABASE
https://www.netlify.app/,0,0,0.170165,legit,CURATED_DEPLOYMENT
https://btasaqeikgirxdbllhymoqjvjjphjzexryrt-dot-cryptic-now-290917.ey.r.appspot.com/,1,1,0.85,phishing,PHISHING_DATABASE
https://162.241.69.15/fb10ee8bf3c2bd6e4a7987d8c20eb460/verify.php?country_x=-&acct_x=id-ppl=pa32465.154.226.165=scrpg=bc03978ef0868935fb5d80a0785cd16bf099010a2d96fa32f38035e81dedf91as=$1$lrixoxk3$9i.uspivnnsmbd.sut68m/lxn2p8asedrhrmx95cvfvtu1wgpi0khmzinlew7okzyqjds6bua3f4cgoqtyjbpsz9nywx7iy8xzjlolcsmaukvbcqh1rftgfdiet62bkrm5j0u4dgwhv3peoaqn49947292187,1,1,0.91,phishing,PHISHING_DATABASE_LINK
https://npmjs.com/,0,0,0.270191,legit,CURATED
https://raw.githubusercontent.com/,0,0,0.350401,legit,CURATED
http://192.168.1.100/login.php,1,0,0.39,ip,PATTERN
https://imtoken-etc.pro/,1,0,0.450381,phishing,PHISHING_DATABASE
https://amazon-101542.weeblysite.com/,1,1,0.8,phishing,PHISHING_DATABASE
https://www.figma.com/,0,0,0.090165,legit,CURATED
https://bedtitan.firebaseapp.com/,1,1,0.50006,phishing,PHISHING_DATABASE
https://bigswitch.co.in/,1,0,0.250833,phishing,PHISHING_DATABASE
https://aws.amazon.com/,0,0,0.33207,legit,CURATED
https://accuratefinserve.in/,1,1,0.56,phishing,PHISHING_DATABASE
https://usps.com-trackotk.top/,1,1,0.500165,phishing,PHISHING_DATABASE
https://stripe.com/,0,0,0.230342,legit,CURATED
https://hasszda.duckdns.org/,1,0,0.37,phishing,PHISHING_DATABASE
https://legal-associate.com/,1,1,0.53,phishing,PHISHING_DATABASE
https://agitated-shannon-cb7922.netlify.app/,1,1,0.74,phishing,PHISHING_DATABASE
https://apple.xzcrm.com/,1,0,0.380165,phishing,PHISHING_DATABASE
https://atacadovirtualbr.com/,1,1,0.62,phishing,PHISHING_DATABASE
https://10ce0817-295f-469e-afaf-38f92d16d450-00-2p5c36e1q26rp.riker.replit.dev/,1,1,0.61,phishing,PHISHING_DATABASE
https://www.apple.com/,0,0,0.050165,legit,CURATED
https://3659e.com/,1,1,0.8,phishing,PHISHING_DATABASE
https://beveiligdomgeving.zap732085-1.plesk11.zap-webspace.com/,1,1,0.76,phishing,PHISHING_DATABASE
https://www.ssa.gov/,0,0,0.08,legit,CURATED
https://app.getresponse.com/site2/a789c973fa45012c0a5415136ed6210d/?u=tmntc&webforms_id=ztyie,1,1,0.85,phishing,PHISHING_DATABASE_LINK
https://www.dropbox.com/,0,0,0.13006,legit,CURATED
https://www.gov.uk/,0,0,0.05,legit,CURATED
https://docs.github.com/,0,0,0.300096,legit,CURATED_DEPLOYMENT
https://svelte.netlify.app/,0,0,0.445117,legit,CURATED_DEPLOYMENT
https://fantastic-mousy-ear.glitch.me/,1,1,0.61,phishing,PHISHING_DATABASE
https://www.bankofamerica.com/,0,0,0.17006,legit,CURATED
https://learn.microsoft.com/,0,0,0.380552,legit,CURATED
https://aaaaaaaaaaaaaaaaaaaaaaaaaaaaaaaaaaaaaaaaaaaaaaaaaaaaaaaaaaaaaaaaaaaaaaaaaaaaaaaaaaaaaaaaaaaaaaaaaaaaaaaaaaaaaaaaaaaaaaaaaaaaaaaaaaaaaaaaaaaaaaaaaaaaaaaaaaaaaaaaaaaaaaaaaaaaaaaaaaaaaaaaaaaaaaaaaaaaaaaaaaaaaaaaaaaaaaaaaaaaaaaaaaaaaaaaaaaaaaaaaaaaaaaaaaaaaaaaaaaa.example.com/verify,1,1,0.54,long,PATTERN
https://web3-check.com/,1,1,0.54,phishing,PHISHING_DATABASE
https://www.docker.com/,0,0,0.080165,legit,CURATED
https://login.secure.example.com/update-account?redirect=https://evil.example.com,1,0,0.49,keyword,PATTERN
https://www.netlify.com/,0,0,0.110165,legit,CURATED_DEPLOYMENT
https://www.google.com/,0,0,0.13,legit,CURATED
https://app.netlify.com/,0,0,0.320191,legit,CURATED_DEPLOYMENT
https://outlook.live.com/,0,0,0.280383,legit,CURATED
https://paypal.com@192.168.1.100/login,1,1,0.74,at,PATTERN
https://examples.vercel.app/,0,0,0.320082,legit,CURATED_DEPLOYMENT
https://vercel.com/docs,0,0,0.43075,legit,CURATED_DEPLOYMENT
https://business-poste.life,1,1,0.61,phishing,PHISHING_DATABASE_LINK
https://nciq.iralux.lu/,1,0,0.39,phishing,PHISHING_DATABASE
https://franceregion-union.telecominication.fr.u1164326hzu.ha004.t.justns.ru/,1,1,0.51,phishing,PHISHING_DATABASE
https://example.com:8443/signin/password,1,1,0.58,port,PATTERN
http://savingclubhome.com/afcu/domain,1,0,0.27,phishing,PHISHING_DATABASE_LINK
https://ainndtzzttvywpfwozl.93399426.ca/,1,1,0.8,phishing,PHISHING_DATABASE
https://www.treasury.gov/,0,0,0.14,legit,CURATED
https://adobe-docs-privacy.us-south.cf.appdomain.cloud/,1,0,0.4,phishing,PHISHING_DATABASE
https://www.amazon.com/,0,0,0.11,legit,CURATED
https://azure.microsoft.com/,0,0,0.420552,legit,CURATED
https://codashop-eventnew08.duckdns.org/,1,1,0.61,phishing,PHISHING_DATABASE
https://nmunldymfzoczmiewcbylmobce-dot-glmar9393293232323.uk.r.appspot.com/,1,1,0.83,phishing,PHISHING_DATABASE
https://example.com/%256C%256F%2567%2569%256E,1,1,0.71,obfuscation,PATTERN
https://www.tiktok.com/,0,0,0.070171,legit,CURATED
https://developer.mozilla.org/,0,1,0.561667,legit,CURATED
https://medium.com/,0,0,0.250261,legit,CURATED
https://www.heroku.com/,0,0,0.080165,legit,CURATED
https://www.walmart.com/,0,0,0.050165,legit,CURATED
https://vercel.com/,0,0,0.220098,legit,CURATED_DEPLOYMENT
https://www.instagram.com/,0,0,0.070165,legit,CURATED
https://www.homedepot.com/,0,0,0.070171,legit,CURATED
https://2wbv1uqy6twekwhmqu66aw41f561zoet.ocalam.com/,1,1,0.54,phishing,PHISHING_DATABASE
https://annzon-ivgrc-co-jp.ftshj.top/,1,1,0.54,phishing,PHISHING_DATABASE
https://north-ring-pin.glitch.me/,1,1,0.54,phishing,PHISHING_DATABASE
https://www.microsoft.com/,0,0,0.090281,legit,CURATED
https://www.verify-account-update-password.example.com/confirm,1,0,0.33,keyword,PATTERN
https://erikx.sexxyfemaledolls.com/,1,1,0.74,phishing,PHISHING_DATABASE
https://www.capitalone.com/,0,0,0.070171,legit,CURATED
https://www.ibm.com/,0,0,0.140288,legit,CURATED
https://alertboi365login.com/,1,1,0.82,phishing,PHISHING_DATABASE
https://stackoverflow.com/,0,1,0.53,legit,CURATED
https://www.cloudflare.com/,0,0,0.12,legit,CURATED
https://nationcommerceconsulting.com/,1,1,0.66,phishing,PHISHING_DATABASE
https://www.bestbuy.com/,0,0,0.170066,legit,CURATED
https://www.citi.com/,0,0,0.070171,legit,CURATED
https://postoffice-reschedule-status.com/,1,1,0.62,phishing,PHISHING_DATABASE
https://pypi.org/,0,0,0.380096,legit,CURATED
https://nextjs.org/,0,0,0.220191,legit,CURATED_DEPLOYMENT
https://paypal.com/,0,0,0.450026,legit,CURATED
https://3.225.156.42/,1,1,0.7,phishing,PHISHING_DATABASE
https://wefrgbtre.blogspot.com/,1,1,0.51,phishing,PHISHING_DATABASE
https://github.com/,0,0,0.320378,legit,CURATED
https://www.wordpress.org/,0,0,0.080165,legit,CURATED
http://2130706433/admin,1,1,0.57,ip,PATTERN
https://www.nytimes.com/,0,0,0.100171,legit,CURATED
https://www.target.com/,0,0,0.080165,legit,CURATED
https://es.wikipedia.org/,0,0,0.280165,legit,CURATED
https://create-next-app.vercel.app/,0,1,0.52,legit,CURATED_DEPLOYMENT
https://www.google.com@phish.example.com/account-verify,1,0,0.28,at,PATTERN
https://xn--ggle-0ra.com/login,1,1,0.67,punycode,PATTERN
https://www.bbc.com/,0,0,0.170066,legit,CURATED
https://example.com@evil-site.net/paypal/login,1,1,0.64,at,PATTERN
https://www.reddit.com/,0,0,0.09,legit,CURATED
http://naatsharif.cu.ma/~gntcncum/d/h/l/ex-press/document-/=46d37d3ffe90b3e56482e0726a2ff729cad88d5916aeb3e4a2a1d3c8889afd000dffdd18fe1509450bde3c1eebdef4be/tracking2.php,1,1,0.62,phishing,PHISHING_DATABASE_LINK
https://www.bbc.co.uk/,0,0,0.130066,legit,CURATED
https://example.com/?p0=xxxxxxxxxxxxxxxxxxxxxxxxxxxxxxxxxxxxxxxxxxxxxxxxxxxxxxxxxxxx&p1=xxxxxxxxxxxxxxxxxxxxxxxxxxxxxxxxxxxxxxxxxxxxxxxxxxxxxxxxxxxx&p2=xxxxxxxxxxxxxxxxxxxxxxxxxxxxxxxxxxxxxxxxxxxxxxxxxxxxxxxxxxxx&p3=xxxxxxxxxxxxxxxxxxxxxxxxxxxxxxxxxxxxxxxxxxxxxxxxxxxxxxxxxxxx&p4=xxxxxxxxxxxxxxxxxxxxxxxxxxxxxxxxxxxxxxxxxxxxxxxxxxxxxxxxxxxx&p5=xxxxxxxxxxxxxxxxxxxxxxxxxxxxxxxxxxxxxxxxxxxxxxxxxxxxxxxxxxxx&p6=xxxxxxxxxxxxxxxxxxxxxxxxxxxxxxxxxxxxxxxxxxxxxxxxxxxxxxxxxxxx&p7=xxxxxxxxxxxxxxxxxxxxxxxxxxxxxxxxxxxxxxxxxxxxxxxxxxxxxxxxxxxx&p8=xxxxxxxxxxxxxxxxxxxxxxxxxxxxxxxxxxxxxxxxxxxxxxxxxxxxxxxxxxxx&p9=xxxxxxxxxxxxxxxxxxxxxxxxxxxxxxxxxxxxxxxxxxxxxxxxxxxxxxxxxxxx&p10=xxxxxxxxxxxxxxxxxxxxxxxxxxxxxxxxxxxxxxxxxxxxxxxxxxxxxxxxxxxx&p11=xxxxxxxxxxxxxxxxxxxxxxxxxxxxxxxxxxxxxxxxxxxxxxxxxxxxxxxxxxxx,1,1,0.62,long,PATTERN
https://www.youtube.com/,0,0,0.17006,legit,CURATED
https://www.example.com/,0,0,0.040171,legit,CURATED
https://www.chase.com/,0,0,0.050171,legit,CURATED
https://att-103151.weeblysite.com/,1,1,0.79,phishing,PHISHING_DATABASE
https://pfeinb4nd0n0.vercel.app/,1,1,0.51,phishing,PHISHING_DATABASE
https://www.salesforce.com/,0,0,0.080281,legit,CURATED
https://decapcms.netlify.app/,0,0,0.462781,legit,CURATED_DEPLOYMENT
https://secure-login-verify-account-update.example.com/bank,1,1,0.57,keyword,PATTERN
http://cb06666.tmweb.ru/clcmesvsqpaoe,1,1,0.56,phishing,PHISHING_DATABASE_LINK
https://588711p5889632541.filesusr.com/,1,1,0.67,phishing,PHISHING_DATABASE
https://cairocbc.com/vendor/phpunit/phpunit/src/Util/PHP/dhl/GlobalSources/?email=mia@entro-co.com,1,1,0.63,phishing,PHISHING_DATABASE_LINK
https://www.digitalocean.com/,0,0,0.070165,legit,CURATED
https://mediafire-firal-234.duckdns.org/,1,1,0.72,phishing,PHISHING_DATABASE
https://www.paypa1.com/signin,1,0,0.220165,impersonation,PATTERN
https://co.jandigitalstudios.com/,1,0,0.4,phishing,PHISHING_DATABASE
https://hello-world-throbbing-heart-b2fd.derzuteydo.workers.dev/,1,0,0.49,phishing,PHISHING_DATABASE
https://www.oracle.com/,0,0,0.070165,legit,CURATED
https://www.shopify.com/,0,0,0.120281,legit,CURATED
https://en.wikipedia.org/,0,0,0.250165,legit,CURATED
https://drive.google.com/,0,0,0.335,legit,CURATED
https://www.bing.com/,0,0,0.181115,legit,CURATED
https://gohugo.netlify.app/,0,0,0.390165,legit,CURATED_DEPLOYMENT
https://rljbmmacdwudamesttxjdyuohmwnifoopgzj-dot-gl494903049.wl.r.appspot.com/,1,1,0.79,phishing,PHISHING_DATABASE
https://www.wikipedia.org/,0,0,0.080165,legit,CURATED
https://bafybeiddjbevvhsxhowx2vurmfrmeyomt5s3zgxyixufguetghgjwylbde.ipfs.cf-ipfs.com/,1,1,0.79,phishing,PHISHING_DATABASE
https://EXAMPLE.COM@evil-site.net/PaYpAl/LoGiN,1,1,0.64,impersonation,PATTERN
https://meta-law-kyc.buzz/,1,1,0.73,phishing,PHISHING_DATABASE
https://microsoft.com/,0,0,0.430191,legit,CURATED
http://203.0.113.10/verify-account,1,0,0.48,ip,PATTERN
https://www.facebook.com/,0,0,0.11006,legit,CURATED
https://www.adobe.com/,0,0,0.140288,legit,CURATED
https://zoom.us/,0,0,0.190151,legit,CURATED
https://www.airbnb.com/,0,0,0.16006,legit,CURATED
https://94.130.44.214/secure/paypal/login,1,1,0.77,ip,PATTERN
https://mail.google.com/,0,0,0.372,legit,CURATED
https://support.microsoft.com/,0,0,0.410281,legit,CURATED
https://event-codashop70.duckdns.org/,1,1,0.64,phishing,PHISHING_DATABASE
